https://i.gyazo.com/56f769c66d5dbb66e0e61dcdaf442a9d.png,光の守o者アルティア,arutia,光の守o者
http://gyazo.com/1f5e6728536c24d1b18c516bb49dcfcd.png,怪力少女ディ`ナ,diia,怪力少女
https://i.gyazo.com/d075e5752cceac475a22822ad427940b.png,腕乙女ディ`ネ,diine,腕乙女
http://i.gyazo.com/b875dc47ffe18da489493bfb86f79178.png,一角T士クリッサ,kurissa,一角T士
http://i.gyazo.com/d783a3feb35ca4403d3ac7282aae66f5.png,英の守り手レシア,reshia,英の守り手
http://gyazo.com/6fb67f7e741a605ea1f95e6007ada258.png,盗\ベルナ,beruna,盗\
http://gyazo.com/9c7b56646b7223c1c52d5a4c0dd9b5f7.png,シビラ,shibira,身残志坚
http://gyazo.com/18d5ca7348ab6ebbe608996eee8279d7.png,オリヴィエ,orivie,豆芽
http://gyazo.com/11c4c2108c8926b3c4a0c5678f7cb533.png,アンジェリ`ネ,anjieriine,环保公主
http://i.gyazo.com/51ae5a2a55162d228aed677e8822bc79.png,t血の皇女シルヴィア,shiruvia,t血の皇女
http://i.gyazo.com/a067dbf7ad3e2ef976d4485d89cf0173.png,カルマ,karuma,黑芋头
https://gyazo.com/109cc8819f604168b3e351021575adcf.png,新世代山\アマンダ,amanda,新世代山\
http://gyazo.com/a13a516dc2db7f3038dd933dd966bda4.png,封印されしドラニア,dorania,封印されし
http://gyazo.com/9a1348cc701435220e3c5b19a1075b18.png,oア`ニャ,aania,o
http://i.gyazo.com/6338f3754fd59b02055867ea621b55ed.png,鬼切の使い手ヒバリ,hibari,鬼切の使い手
http://gyazo.com/5bb8c2da654260f18671fbf82649df44.png,忍者サキ,saki,忍者
http://i.gyazo.com/8a7c1973a294d48d071a13936849f4e0.png,封妖の忍者ナギ,nagi,封妖の忍者
http://gyazo.com/8c0c09115ed281f03ed00ea4285f7232.png,天RT士忾Lエスタ,esuta,天RT士忾L
https://gyazo.com/211f1b25120022194be0d04a152747ea.png,叛逆のT士コ`ネリア,kouneria,叛逆のT士
http://gyazo.com/18a13700584dbedf0c11f734d88565ab.png,暗\T士,kurogei,团长
http://gyazo.com/853edf713cc90e0f649a772a866324d5.png,武王アリス,arisu,武王
http://i.gyazo.com/a6fcf41be4ffdfe03f7fa725c70433f8.png,朱zの智将マツリ,matsuri,朱zの智将
http://i.gyazo.com/d125b52978ebdcb47a90d22f89bdaa3c.png,魔忾Lイングリッド,innguriddo,魔忾L
http://i.gyazo.com/6174c3af4791049b858a52aa3353a90e.png,堕天使ソフィ`,sophie,堕天使
https://i.gyazo.com/505ad8177b05e1124ce98cd42347bf20.png,天才C甲士ウェンディ,wendy,天才C甲士
http://i.gyazo.com/f1b93e473398e2d9567d06879e4632ef.png,九尾狐カヨウ,kayou,九尾狐
http://i.gyazo.com/51df8aaf6c456a9ae7442c77126ddfa7.png,魔фzグレ`ス,gureisu,魔фz
http://gyazo.com/534080b27b35afccf7ca6d3602e1de59.png,月影の弓T兵リオン,rion,月影の弓T兵
https://i.gyazo.com/a25ac15d057a4a3db93eb98014424520.png,王m侍女武官セ`ラ,seira,王m侍女武官
http://i.gyazo.com/6dc4f6f645a80111afb9a14225a09229.png,帝国士ジ`クリンデ,jiikurinde,帝国士
http://gyazo.com/487af9be9f1bd601cdc7a5dcce40e7ab.png,近lT士忾Lミレイユ,mireiyu,近lT士忾L
http://i.gyazo.com/14fe45d47c71be31800fe81fcf0809b2.png,tの道士ナタク,nataku,tの道士
http://i.gyazo.com/65f09c67e12197ba3a0599a1279e5b20.png,鬼神ラクシャ`サ,rakusyaasa,鬼神
https://i.gyazo.com/bfc05fe488fd6d9feed40ce8aa21975d.png,椁温}シンシア,shinshia,椁温}
http://i.gyazo.com/90436854b13c8da8209d2f43e2eebd64.png,ぬらりひょんの娘シノ,shino,ぬらりひょんの娘
http://i.gyazo.com/0fc8d60fbfa87a8f305c4191eaaee720.png,帝国重装h兵エルミラ,mira,帝国重装h兵
http://i.gyazo.com/76e8118722fce5a7bdcfb4ae7c71b560.png,酒淄子の娘 鬼刃,ojyousama,酒淄子の娘
http://i.gyazo.com/833b4f4e05258c10be3ab158d74770e6.png,白の皇帝,koutei,寝取られ大好き
http://gyazo.com/db1154e76aef9740d6c7a8d63a45c06b.png,白き射手ナナリ`,nanarii,白き射手
https://embed.gyazo.com/d840309f3bb5ee93d819f5edf68a90dc.png,神Iの狩人ア`シェラ,aashiera,神Iの狩人
https://gyazo.com/1981ded0fe42ef679cb89d1dba11c184.png,魔法皇女エステル,esuteru,魔法皇女
http://gyazo.com/c47f7e3f3ec6f3195d7fec59e65c438f.png,}女イリス,irusu,}女
http://gyazo.com/87cf7d4907334d6960c234c8da1f7b9f.png,至宝の使い手リアナ,riana,至宝の使い手
http://gyazo.com/9bf84a04cec91725a7a5be485a8457ff.png,魔女デスピア,desupia,魔女
https://gyazo.com/9caa0978da8bd83b7d282de312422aa7.png,徽hの海\ミネルバ,mineruba,徽hの海\
https://gyazo.com/1d0ab2cb545e3c5ac0a3a6567f137c6e.png,Bの射手ス`,suu,Bの射手
https://gyazo.com/5ee9253754040529b0a82358f13db410.png,\紫の巫女キキョウ,kikyou,\紫の巫女
http://gyazo.com/4ea62bd84535958d7d87bc59ed173e51.png,魔司祭エタ`ナ`,etaanaa,魔司祭
http://i.gyazo.com/09ace2250e9e0dc240c0719de9425687.png,ミコト,mikoto,
https://gyazo.com/7aeda2772936d47c005a90f05ceceb32.png,伏のアイシャ,aisya,伏の
http://i.gyazo.com/e021bbc71c40e0d98e1d88e9461226c3.png,召臼骏榨ˉ毳,farune,召臼
https://gyazo.com/9d3994b6b1c3209359cdf746692617a1.png,刻のL水士リンネ,rinne,刻のL水士
https://i.gyazo.com/b503ca8aae5d8234b4f29ee016edd44b.png,O重巨hフレデリカ,furederika,O重巨h
http://i.gyazo.com/f32eecb07683347815140811686f8153.png,政展佶ンナ,annna,政展
http://embed.gyazo.com/96d849fde3e6a69fc82cd849c6d550e8.png,アンナ（o仕服）,annnameido,メイド政展
https://i.gyazo.com/4a957c3f6f8cb3f68cfa474c7466750f.png,水着の政展佶ンナ,annnamizuki,水着の政展
http://i.gyazo.com/5975d6b9f721e34f81e233b5f21f1658.png,反魂の死gメトゥス,metousu,反魂の死g
http://gyazo.com/493887d4620b8e034c34c8ff350eaf8c.png,rの{停者トワ,towa,rの{停者
https://i.gyazo.com/d0d37903b676a2563c5a4329d0592a39.png,森のL者フィオレ,fiore,森のL者
http://i.gyazo.com/f867ba0388478d756c68a688aaf1c36c.png,b金技工士マキナ,makina,b金技工士
http://i.gyazo.com/9d8cb03fbcd47dc08852137841326645.png,魔物使いモルテナ,morutena,魔物使い
https://i.gyazo.com/823cad56344a2bb011e22a513cedd1d8.png,エルフの女王ドロテア,dorotea,エルフの女王
https://i.gyazo.com/1e4a0faecf5eef5f4648b163388f4fb0.jpg,大魔召臼骏楗豫,rapisu,大魔召臼
https://gyazo.com/5e31e42b1bee798e03f6450c1d115ff1.png,猫又コハル,koharu,猫又
http://gyazo.com/6c8c6c42678f11003f648e8220f6b446.png,光の盾ジェリウス,jieriusu,给
http://i.gyazo.com/525f9ebed92d9b25f54de44b9c433e31.png,用兵家ジェロ`ム,jieroumu,
https://i.gyazo.com/a6caede64a0661793f683fb6f7712e65.png,の}女ゼノビア,zenobia,
http://i.gyazo.com/958b668da009e6f620660d6484be6a55.png,帝国兵Lリ`ゼロッテ,riizerotte,
https://i.gyazo.com/fa0724a559ea7778b749c70a54fde4a3.png,冒者ジェイク,jack,
http://gyazo.com/6c8c6c42678f11003f648e8220f6b446.png,光の盾ジェリウス,jieriusu,
http://gyazo.com/b3000dee74599f721260537927c52a31.png,}槭骏蕙戛`ベル,mariiberu,
http://gyazo.com/6a7ae8c63c02217f3d24e174ad023eac.png,}mL士ミランダ,miranda,
http://gyazo.com/8a25a5085803fe9ac4945a29a74dfae3.png,白百合T士テティス,tetisu,
https://i.gyazo.com/7adf584312a1f585c64c8673324682dd.png,\T士ダリア,daria,
https://i.gyazo.com/65606c6582bb181cb5b3e2f4515129f5.png,橐遗エミリア,emiria,
http://i.gyazo.com/267aeb03d1806ba185b5d76fb1ba20f3.png,虎メイリン,meilin,
http://gyazo.com/5d3c9f8df573ebaa97237c429214122b.png,盗\シプリア,shipuria,
https://gyazo.com/6fa1437f3ab883f079a96098b5e0e1aa.png,人エイダ,eida,
https://gyazo.com/0e19681e0a525bdc61995ec5d0373af7.png,秘刃の暗⒄撺弗濂违,jyunon,
http://i.gyazo.com/0664a7249e1a4c421769d7d11bfc635e.png,盗\セブン,seven,
http://gyazo.com/4335e7d22695b31591d217babb9606eb.png,リリア,riria,
http://gyazo.com/77513b7b793418567a768a31a22f4004.png,シェリ`,sherii,
http://gyazo.com/dd647dd0e0956fad0f3448becc7820e8.png,クロ`ディア,kuroudia,
http://i.gyazo.com/256f361dd001db36b0fb8974da054529.png,ルイ`ズ,louis,
http://i.gyazo.com/b99884a3c83172200d351bc295ff02aa.png,メルヴィナ,meruvina,
https://i.gyazo.com/eee5515b7e6235392c0a19436dcc0d36.png,スクハ,sukuha,
http://gyazo.com/1b9c0c08ffc19c6d3dfd90bb62dcf225.png,カルマ,karuma,
http://gyazo.com/2b5c658b98f83050752b0bc5282224f0.png,女山\ライラ,raira,
http://gyazo.com/b1195abb070ce8c1e146af88b0e24099.png,}の友セリア,seria,
http://gyazo.com/15e3f21a5679015885c0a4f54dc9db0d.png,山\イメリア,imeria,
https://i.gyazo.com/df6fddf211c7ffcc56b2a3ed0e700609.png,山\娘ロロネ,rorone,
http://i.gyazo.com/ed02653b41534fdc2e9a7cb11055e2b2.png,火oのイグニス,igunia,
http://gyazo.com/16ea64dd863191401943ad3b27c29260.png,士アカネ,akane,
https://i.gyazo.com/a7237549e20c387b963ee8c51448c5ea.png,S刀士サクヤ,sakuya,
http://i.gyazo.com/8cdc372192e033c320d8d55e3c36d220.png,侍シズカ,shizuka,
http://i.gyazo.com/3f7d030e4220fb9678373da4cca284fb.png,豪モミジ,momiji,
http://gyazo.com/fe27c89c30680db2e09a5d3ecc04eb30.png,忍者ヒナ,hina,
http://i.gyazo.com/f093a9b2f93e18c61708e12560ee0baf.png,忍者アザミ,azami,
http://i.gyazo.com/9040e74949ccac0bf802f746b8604e15.png,天lけるT士リディ,ridi,
http://i.gyazo.com/3efd30999b2fc571d3b15015a32ce707.png,帝国天RT士イザベル,izaberu,
http://i.gyazo.com/3d0854f1a023e8a8b8e34c131c6dfcee.png,暗\T士ユリナ,yurina,
http://i.gyazo.com/7d612659b30a7c0e71672fd5d94376d5.png,副忾Lエルヴァ,ruva,
http://i.gyazo.com/4b770adb3d67d8f487f0962f88b7998d.png,ダ`クエルフのロアナ,oana,
http://i.gyazo.com/6cf3cf798be728bd263924f2861fe8dc.png,魔界L士リスティス,risutisu,
http://i.gyazo.com/184d3d73a14e590b5550912238b4bc4a.png,武L家リン,lin,
https://gyazo.com/086e598a158bc0c79d8014bb643ab8c1.png,猛き爪ウル,uru,
http://gyazo.com/f24b0939d8f6900752e09b0d514b1c60.png,地のウズメ,uzume,
http://i.gyazo.com/c2d91752a79d661332197e3ca38dacc8.png,亡国の将シュウカ,syuuka,
https://gyazo.com/160fb827df05d3ac4a715d7a7f4d1ff3.png,天才樾g家ヘレナ,herena,
https://i.gyazo.com/899329b346da8dc2e3a7a2dba86fab05.png,魔法士シャルロット,syarurotto,
http://i.gyazo.com/99bd6f41b1a96122ce31b9ed184a5380.png,嵘挨士ホルエス,horuesu,
https://gyazo.com/b016846ec4c15ddcd00e0148cc57d359.png,m廷士サビ`ネ,sabiine,
https://i.gyazo.com/a537b504c797cd8cf503c88b680067e7.png,の魔士シエナ,shiena,
http://gyazo.com/5528a14642ec670dbe7af18c7a33acfd.png,堕天使クロエ,kuroe,
http://i.gyazo.com/bcf4fe59b1dc9f575429a2c1ec4c59fc.png,天使Lミルノ,miruno,
http://i.gyazo.com/627c27dae69ace853ae8aceadbdb86ff.png,C甲士リッカ,rikka,
http://i.gyazo.com/bf64607c33f1b3a6b2d885cb855c4ebd.png,水兵ビエラ,biera,
https://i.gyazo.com/1f5e996512452d98d1f855ce170fb381.png,提督リ`ンベル,riinberu,
https://i.gyazo.com/080aeaabcc7c1658498fc63476ffdf03.png,航海士アメリ,ameri,
http://i.gyazo.com/a2220cee44db341634445a35089b14d1.png,妖狐イナリ,inari,
https://gyazo.com/7c3beadcb09bdae0f0ec13a40a7ee367.png,神官槭骏榨楗幞,furameru,
http://gyazo.com/cbf708d07c008e1e4b2d398e9f45a1e8.png,神官槭骏互,sera,
http://gyazo.com/046d14abc628cd7696f0c0f88d5e710f.png,神官槭骏榨Д毳,ferumi,
http://gyazo.com/5c6bfabf1e273ebdf66304113cf1408b.png,帝国神官槭骏毳隶,ruchia,
http://gyazo.com/7f31d8108b578d15c9c94e7543403861.png,魔е刈氨ジェシカ,jeshika,
http://gyazo.com/692ad0f6ffb06e255ab77014b7ef8578.png,魔z乙女パルフィ,parufi,
http://gyazo.com/25f6368582cdc0fb0b40c479f8936358.png,南瓜魔фz兵エ`リカ,eirika,
http://i.gyazo.com/1aea63ff64b541c83c4d491a10d91876.png,oT士ルシル,lushiru,
https://gyazo.com/239b2641b5271429dfe946a7612711bb.png,雷oT士エレニア,erenia,
http://gyazo.com/d65bac6f8700df3b0a41409787877403.png,角oT士ナディア,nadia,
https://gyazo.com/a59cb7956ac132f19ee06f741be11f63.png,弓T兵デイジ`,deijii,
https://gyazo.com/2cbc9652e3d58e6b129d522defbbc0b3.png,弓T兵カティナ,katina,
http://gyazo.com/f84118bf8678f08b7a80dd50c63c88ab.png,}夜の弓T兵サラサ,sarasa,
http://i.gyazo.com/07f480e0d903474e01236cab465c8f9d.png,g士女官シャ`リ`,syaarii,
http://gyazo.com/5a0cd5b7235505e444f09ebc3d064c0d.png,召使いアイリ`ン,airiin,
http://i.gyazo.com/7304d5cc9224aeded742ed1714728e65.png,吸血鬼エデン,eden,
http://i.gyazo.com/60d13247666da4047f76fe9062ee94e9.png,吸血鬼ラキュア,rakyua,
http://gyazo.com/4b385776a837540d06c90922db6efa57.png,士サンドラ,sandora,
http://gyazo.com/c5dab7149e049341631def4e3e80a500.png,士グロ`リア,gurouria,
http://i.gyazo.com/d669155324aa6a67d8a8596a549bc41b.png,士レイブン,reibun,
http://i.gyazo.com/6f87c1323fb45a087d3f06ac131e6aa9.png,近lT士アリシア,arishia,
https://gyazo.com/71a4c2936fd4dc5849019a0bf8fdbac4.png,仙猿ファ`,fa,
https://gyazo.com/9f0ce8559eb4374c2286e9b6e4f8bca8.png,魔眼の魔神バロウス,barousu,
https://i.gyazo.com/d9e968707fe3bf71c2cdb10a7be7ddf6.png,使いグレ`テル,gureiteru,
https://i.gyazo.com/9a88d06589fbb0ea652e164b07c0cc9d.png,重装h兵レギ`ナ,regiina,
http://i.gyazo.com/c3842ab040fe21c2312ae2c34cfae9f9.png,鬼娘イツキ,itsuki,
http://i.gyazo.com/7bca6425f90273bb5ed711f9cd84b04e.png,帝国T士ヴィオラ,viora,
http://i.gyazo.com/b0bc1ec64a1d08a2fabd2734469edd7c.png,天狗コノハ,konoha,
https://i.gyazo.com/6a4914538fc3fb735d148708a2cd42e2.png,冶人サンディ`,sanndii,
http://i.gyazo.com/fec78c0e160a94f10727c7c992c07aaa.png,オ`クの士ドゥ`ラ,doura,
http://gyazo.com/cf68321e88c56caf1c2eabb13a6d6367.png,神速の射手バシラ,bajira,
http://gyazo.com/943ca008feb212a7af13b65a97b2cdb2.png,魔狩人ヴィクトリア,Victoria,
http://i.gyazo.com/b019c39cb6cb6916da9b7894ad474621.png,妖精_の射手スピカ,sipika,
http://i.gyazo.com/454f503c220e0bedada3f815bcc1f34c.png,漆\の射手リタ,rita,
https://i.gyazo.com/5655c9f3b0972c26befda6b14a7e227b.png,冒者オスカ`,osukaa,
http://gyazo.com/302bb0cde3130f3be9e74ef2b623fac2.png,神秘の探究者ガラニア,garania,
http://i.gyazo.com/bc957e24d3c2c9037f165b15e064a001.png,秘法の怀姓撺デット,odetto,
http://i.gyazo.com/013684f64b7fc36693e20f6c4fd001cc.png,幻惑の魔gサ`シャ,saasya,
http://gyazo.com/78f9db3299c59dd747344c268d05c63b.png,Kし手カミラ,kamira,
http://gyazo.com/318733e6dfdfcf29a591d39a4234dbbd.png,妖精女王シ`ディス,shiidisu,
https://gyazo.com/b2e73a2283d082914e8205e7bf780e0c.png,慈郅纹恧辚旦`リア,saaria,
http://gyazo.com/f11c2db04e25ed4d70c444c554ce75ec.png,背反のKし手ユ`ノ,yuuno,
https://i.gyazo.com/e75ef7ea1d202580971a9e82ad057e8f.png,帝国治K士エリアス,eriasu,
http://gyazo.com/962b7c4e91ed7157fd0f530c7129874c.png,魔女フィグネリア,figuneria,
http://gyazo.com/45a72ef168b6ff10177b4d40af5f21a1.png,魔女アデル,aderu,
http://gyazo.com/156e4b6f0c8bd9e355da5f55883783c0.png,白き魔女ベリンダ,berinda,
http://gyazo.com/d5e1aa7853786633450f5f997240b4fa.png,辘问丐晔芝ē辚,eriza,
http://i.gyazo.com/8c4a6a110d3405c9fe4da67ef1e53682.png,幻光の魔女プリム,purimu,
http://i.gyazo.com/77c5da6ae632b3ad64a5a902ee5eff77.png,海\レイチェル,reicheru,
http://i.gyazo.com/d3508719cdd478c1ba9020a0c6495481.png,tの海\ベアトリカ,beatorika,
https://gyazo.com/13a17ab5ed807aded42a7120efe813b0.png,海\アネリア,aneria,
http://i.gyazo.com/e1044cb4bafff331bff0aabf1a3c2c9c.png,私掠船Lサブリナ,saburina,
http://gyazo.com/f5f58e7ac01f2b189ea621217f166246.png,o巫女エキドナ,ekidona,
http://i.gyazo.com/82ce10839ef4b360cfb3227571e3e00c.png,o巫女ルビナス,lubinasu,
http://i.gyazo.com/da4338fae9803c789181a671c857e54e.png,p金稼ぎエリザベ`ト,erizabeito,
http://gyazo.com/660c11fc037669fb31aee2d490d0175c.png,混血の狩人フラン,furan,
http://i.gyazo.com/174be8e2b1d7b8dda639476f3b9258fe.png,}なる妥者ルマリア,lumaria,
http://gyazo.com/e826b4459b25f79abc8075e76cff77a0.png,巫女シホ,shiho,
http://gyazo.com/4c275b98bbc96c603c3326460cd3151f.png,巫女カグラ,kagura,
http://gyazo.com/e8100b1b52c517d6a9466907f79cdfff.png,妖精司教マリウス,mariusu,
http://i.gyazo.com/5362af6a4e101e045d9b69be5ca3dc20.png,太神官パトラ,patora,
http://i.gyazo.com/8ac274eea98f6fb1c391562d60daa79f.png,旅の司祭ポ`ラ,poura,
http://i.gyazo.com/52641f0412dfe49a7c796a8f297e8b11.png,}者セレイナ,sereina,
http://i.gyazo.com/c49ccd72d8da59dab3d7e5f2d524eb48.png,天のレン,ren,
https://gyazo.com/5beb23285da9c66b06dde7f3494d3d3e.png,帝国レオナ,reona,
http://i.gyazo.com/9dffdf7a0261e393bbb2828bca1f256d.png,召臼骏渐楗,sorano,
https://gyazo.com/00189d3d6fa4500cbe2bc0db1d9e99bd.png,L水士マ`ル,maaru,
https://i.gyazo.com/befec1f3aae14b099e76b77d028d2e54.png,花RのL水士ミア,mia,
http://gyazo.com/8537f73a05d85c57282717c4842a65af.png,L水士ピピン,pipin,
http://i.gyazo.com/93941ff98e1a0f043722d2104c0f54aa.png,Wの某hジャンナ,jyanna,
http://gyazo.com/16fbeea6eb1987aa1685f1dbf69f175f.png,爆hの新兵カノン,canon,
http://i.gyazo.com/234d4a3af725aa0bbadee11e3e87223d.png,踊り子マ`ニ`,maanii,
http://i.gyazo.com/abae378b1e988f0829e0495a3eb8cb09.png,情幛斡护曜鹰铳毳,warutsu,
http://i.gyazo.com/d558cc373939ffbd8b1594c2ddcf2d05.png,祝祭の踊り子ハナ,hana,
https://i.gyazo.com/6edbde8ab140dd26d58cc67fa30e4efc.png,邦の踊り子ビビアン,bibian,
http://i.gyazo.com/5fc87f690556c4dae648a59e9af1b94e.png,死魔gメメント,memento,
http://gyazo.com/20cdaafb9db743313f1b48f6b077c493.png,死魔gアニエス,aniesu,
https://i.gyazo.com/4b7ed2c417fde729cfd8f0813d95534c.png,rの魔女ココロ,kokoro,
http://i.gyazo.com/22e5e4150bbb67cf02b249569dbce2eb.png,巫女ププル,pupuru,
https://i.gyazo.com/093b509eecdfe4306b5563b5b0f50c7d.png,大自然の乙女メ`プル,meipuru,
http://gyazo.com/162751040cc78b7ac9d5ed04993fbb76.png,白衣のb金g士コリン,korin,
http://i.gyazo.com/271750e3c909f165825e86c5ce9dab3f.png,神秘のg士シャルル,syaruru,
http://i.gyazo.com/d041854b9bfd4852ddd5d41325ca1ac8.png,}森の番人リコラ,rikora,
http://i.gyazo.com/6d8a70ea3867354e631936bceb06876f.png,神森の守o妖精スプラ,supura,
http://i.gyazo.com/2aabe0021507fce69c3182dfb1bce2cc.png,の森の番人アイ`ダ,aiida,
http://i.gyazo.com/d68208c487d8d3a27258d10d297a1352.png,帝国[谋ロ`ザ,rouza,
http://gyazo.com/0a6e707de3aef79eaf0a05fddf089e61.png,W光の泥棒アニ`タ,aniita,
https://i.gyazo.com/1b51b1c90646ad3884bce1b3dfa664bb.png,庑gエヴァ,eva,
https://gyazo.com/9265e7004cdf15f403120c9480ccf9ca.png,忘我の庑gレヴィ,revi,
http://i.gyazo.com/25fb7f33d34df3f0be0ecada999d99a5.png,司祭ベルディナ`ト,berudinaato,
http://i.gyazo.com/1c08d4e65d5c67c176f49d97fd1d5f34.png,の大司教ベルゼッタ,beruzetta,
http://i.gyazo.com/4d2510358d4221d10f6510b8dbc8a191.png,付与魔gエルシャ,erusya,
https://i.gyazo.com/0231a2f55f36932b09a3b08e556a8211.png,付与魔gメレディス,meredisu,
https://i.gyazo.com/ac32dc54ca945da6c77cc8c1aa2682e2.png,ガ`ディアンゴ`レム,gaadiangoreimu,
http://i.gyazo.com/04e50545eba2f8df54218ec83a1b3719.png,行商人トトノ,totono,
https://i.gyazo.com/7ce13379eaaf02ad75f48956e75accd5.png,武器商人エイミ`,eimii,
http://gyazo.com/b6615a0e97599f0db089d8bb54f53ffd.png,魔ハンタ`ドルチェ,doruche,
http://i.gyazo.com/67ec00a87dd9de686b511b029765cea3.png,帝国d兵レ`ゼル,reizeru,
https://i.gyazo.com/00c93b69c8b0dcf9a0dcffb2721a21a5.png,帝国狙谋ラルフ,rarufu,
http://i.gyazo.com/4cb094cdb1b316752d40007cdb8c5a1e.png,妖の狙氖芝オバ,aoba,
http://i.gyazo.com/f3e5923e31f2dd3b6f3b6f0ced1eb4ae.png,魔召臼骏辚籁,rivru,
http://i.gyazo.com/f19c145770780c79deb488bf8f99f050.png,火使いロレッタ,roretta,
